{
    "as_oilrig": [
        -13074.0,
        0.0,
        11717.412109375
    ],
    "cs_747": [
        -9972.0,
        0.0,
        4848.6083984375
    ],
    "cs_assault": [
        -5306.0,
        0.0,
        3565.737060546875
    ],
    "cs_backalley": [
        -243.0,
        0.0,
        -686.6640625
    ],
    "cs_estate": [
        -3848.0,
        0.0,
        1783.83642578125
    ],
    "cs_havana": [
        -19914.0,
        0.0,
        7949.587890625
    ],
    "cs_italy": [
        3944.0,
        0.0,
        -146.0362548828125
    ],
    "cs_militia": [
        6485.0,
        0.0,
        8716.4296875
    ],
    "cs_office": [
        8877.0,
        0.0,
        -6021.4814453125
    ],
    "cs_siege": [
        8500.0,
        0.0,
        4476.62890625
    ],
    "de_airstrip": [
        -25.0,
        0.0078125,
        14488.326171875
    ],
    "de_aztec": [
        -530.0,
        0.0,
        8875.984375
    ],
    "de_cbble": [
        -16931.0,
        0.0,
        -4961.14599609375
    ],
    "de_chateau": [
        -8153.0,
        0.0,
        8001.87353515625
    ],
    "de_dust": [
        -32.0,
        0.0,
        -5291.31591796875
    ],
    "de_dust2": [
        3452.0,
        0.0,
        -6497.5517578125
    ],
    "de_inferno": [
        -24968.0,
        0.0,
        1929.922607421875
    ],
    "de_nuke": [
        7593.0,
        -0.002574108773842454,
        13754.357421875
    ],
    "de_piranesi": [
        -18394.0,
        0.0,
        2595.70068359375
    ],
    "de_prodigy": [
        10597.0,
        0.0,
        2372.564453125
    ],
    "de_storm": [
        -14482.0,
        0.0,
        6487.74755859375
    ],
    "de_survivor": [
        9575.0,
        0.0,
        -2489.27783203125
    ],
    "de_torn": [
        -14160.0,
        0.0,
        179.7413330078125
    ],
    "de_train": [
        -188.0,
        0.0,
        4870.81982421875
    ],
    "de_vertigo": [
        -21762.0,
        0.0,
        170.80322265625
    ]
}